Metric,Psychology_Only_Value,CS_Value,Psychology_Only_Advantage_%,Direction
Polarity (Positive Sentiment),0.10929070929070929,0.06229165505323596,75.45000080236558,Higher is better
Stress Levels,0.178021978021978,0.16260103684709293,9.483913186474108,Lower is better
Helpfulness,0.21433566433566434,0.11151680695690952,92.20032404486292,Higher is better
Help Request Rate,0.22577422577422576,0.1712470037348793,31.841270708458207,Higher is better
Gratitude Expression,0.13236763236763235,0.09348347176542728,41.5946903424542,Higher is better
Message Length (Characters),76.00599400599401,60.2651764312392,26.119259092711072,Higher is better
Emoji Usage Rate,0.1003996003996004,0.06048274708735158,65.99709046713656,Higher is better
